{
  "credit": "Made with Blockbench",
  "texture_size": [
    64,
    64
  ],
  "display": {
    "thirdperson_righthand": {
      "rotation": [
        -90,
        -90,
        0
      ],
      "translation": [
        -1,
        -2,
        13.75
      ],
      "scale": [
        1.025390625,
        1.025390625,
        1.025390625
      ]
    },
    "thirdperson_lefthand": {
      "translation": [
        0,
        -7.5,
        0.25
      ],
      "scale": [
        0.5234375,
        0.5234375,
        0.5234375
      ]
    },
    "firstperson_righthand": {
      "rotation": [
        106.98,
        -1.36,
        179.35
      ],
      "translation": [
        2.25,
        -1,
        3
      ],
      "scale": [
        0.51171875,
        0.51171875,
        0.51171875
      ]
    },
    "firstperson_lefthand": {
      "rotation": [
        0,
        89,
        0
      ],
      "translation": [
        0,
        0,
        2.5
      ],
      "scale": [
        0.3671875,
        0.3671875,
        0.3671875
      ]
    },
    "ground": {
      "scale": [
        0.845703125,
        0.845703125,
        0.845703125
      ]
    },
    "gui": {
      "rotation": [
        -180,
        0,
        -150.25
      ],
      "translation": [
        -5.75,
        -10.75,
        0
      ],
      "scale": [
        0.71875,
        0.71875,
        0.71875
      ]
    },
    "fixed": {
      "rotation": [
        0,
        0,
        23.25
      ],
      "translation": [
        6.75,
        -15.25,
        0
      ]
    }
  },
  "textures": {
    "particle": "item/infinity_gauntlet"
  }
}